"id","entity_creation_timestamp","name","location","banner","category","logo","description","street","housenumber","postalcode","opening_hours_monday","opening_hours_tuesday","opening_hours_wednesday","opening_hours_thursday","opening_hours_friday","opening_hours_saturday","opening_hours_sunday","phone_contact","website_link","instagram_link","facebook_link","images","menu","price_range","entity_jobs"
301,"2024-04-25T16:55:04.176Z","Reitbauer-Lettner KG","Hohenems","7d44b764-b629-4569-92a6-3a6fdd342fb0","[""accommodation""]",,"Besuchen Sie unser Accommodation Reitbauer-Lettner KG in Bludenz. Wir bieten eine Vielzahl von Dienstleistungen an.","Sonnleitnergasse","13","6820","09:00 - 18:00","09:00 - 18:00","09:00 - 18:00","09:00 - 18:00","09:00 - 18:00","09:00 - 18:00","09:00 - 18:00","+43 124 5678901","www.example.com","https://www.instagram.com","https://www.facebook.com",,,,"[]"
302,"2024-04-25T16:55:04.606Z","Karner Inc KG","Hohenems","99408b7c-8c73-4d36-af54-84696832ebdd","[""organisation""]",,"Besuchen Sie unser Organisation Karner Inc KG in Dornbirn. Wir bieten eine Vielzahl von Dienstleistungen an.","Maximilian-Rieser-Ring","8","6850","09:00 - 18:00","09:00 - 18:00","09:00 - 18:00","09:00 - 18:00","09:00 - 18:00","09:00 - 18:00","09:00 - 18:00","+43 124 5678901","www.example.com","https://www.instagram.com","https://www.facebook.com",,,,"[]"
303,"2024-04-25T16:55:04.618Z","Martin-Laimer OHG","Bludenz","99408b7c-8c73-4d36-af54-84696832ebdd","[""organisation""]",,"Besuchen Sie unser Organisation Martin-Laimer OHG in Lauterach. Wir bieten eine Vielzahl von Dienstleistungen an.","Louise-Walcher-Platz","1","6850","09:00 - 18:00","09:00 - 18:00","09:00 - 18:00","09:00 - 18:00","09:00 - 18:00","09:00 - 18:00","09:00 - 18:00","+43 124 5678901","www.example.com","https://www.instagram.com","https://www.facebook.com",,,,"[]"
304,"2024-04-25T16:55:04.630Z","Feichtenschlager-Gruber GmbH","Hard","3447c278-ac1d-4fec-a651-1fe81e152902","[""hotel""]",,"Besuchen Sie unser Hotel Feichtenschlager-Gruber GmbH in Bregenz. Wir bieten eine Vielzahl von Dienstleistungen an.","Ritterring","11","6830","09:00 - 18:00","09:00 - 18:00","09:00 - 18:00","09:00 - 18:00","09:00 - 18:00","09:00 - 18:00","09:00 - 18:00","+43 124 5678901","www.example.com","https://www.instagram.com","https://www.facebook.com",,,,"[]"
305,"2024-04-25T16:55:04.641Z","Schwarzl-Koch GmbH","Wolfurt","99408b7c-8c73-4d36-af54-84696832ebdd","[""organisation""]",,"Besuchen Sie unser Organisation Schwarzl-Koch GmbH in Lauterach. Wir bieten eine Vielzahl von Dienstleistungen an.","Böhlerweg","19","6830","09:00 - 18:00","09:00 - 18:00","09:00 - 18:00","09:00 - 18:00","09:00 - 18:00","09:00 - 18:00","09:00 - 18:00","+43 124 5678901","www.example.com","https://www.instagram.com","https://www.facebook.com",,,,"[]"
306,"2024-04-25T16:55:04.654Z","Augustin Ltd OHG","Bregenz","d19d35f1-072b-46be-b784-9dd96ec73ede","[""nightclub""]",,"Besuchen Sie unser Nightclub Augustin Ltd OHG in Lauterach. Wir bieten eine Vielzahl von Dienstleistungen an.","Kai-Gärtner-Gasse","22","6900","09:00 - 18:00","09:00 - 18:00","09:00 - 18:00","09:00 - 18:00","09:00 - 18:00","09:00 - 18:00","09:00 - 18:00","+43 124 5678901","www.example.com","https://www.instagram.com","https://www.facebook.com",,,,"[]"
307,"2024-04-25T16:55:04.667Z","Dorn-Herbst OHG","Wolfurt","e7947e92-c216-49da-9c32-c2c62eec85e4","[""association""]",,"Besuchen Sie unser Association Dorn-Herbst OHG in Wolfurt. Wir bieten eine Vielzahl von Dienstleistungen an.","Kopfring","32","6811","09:00 - 18:00","09:00 - 18:00","09:00 - 18:00","09:00 - 18:00","09:00 - 18:00","09:00 - 18:00","09:00 - 18:00","+43 124 5678901","www.example.com","https://www.instagram.com","https://www.facebook.com",,,,"[]"
308,"2024-04-25T16:55:04.677Z","Helm LLC KG","Dornbirn","d19d35f1-072b-46be-b784-9dd96ec73ede","[""nightclub""]",,"Besuchen Sie unser Nightclub Helm LLC KG in Bregenz. Wir bieten eine Vielzahl von Dienstleistungen an.","Martina-Wurzer-Weg","5","6845","09:00 - 18:00","09:00 - 18:00","09:00 - 18:00","09:00 - 18:00","09:00 - 18:00","09:00 - 18:00","09:00 - 18:00","+43 124 5678901","www.example.com","https://www.instagram.com","https://www.facebook.com",,,,"[]"
309,"2024-04-25T16:55:04.689Z","Schandl Inc GmbH","Hard","66ffaf7f-5253-4a6e-8358-74f503c4b822","[""doctor""]",,"Besuchen Sie unser Doctor Schandl Inc GmbH in Dornbirn. Wir bieten eine Vielzahl von Dienstleistungen an.","Malena-Kirchmair-Platz","35","6845","09:00 - 18:00","09:00 - 18:00","09:00 - 18:00","09:00 - 18:00","09:00 - 18:00","09:00 - 18:00","09:00 - 18:00","+43 124 5678901","www.example.com","https://www.instagram.com","https://www.facebook.com",,,,"[]"
310,"2024-04-25T16:55:04.701Z","Hödl, Eisl and Schwendinger KG","Bregenz","7d44b764-b629-4569-92a6-3a6fdd342fb0","[""accommodation""]",,"Besuchen Sie unser Accommodation Hödl, Eisl and Schwendinger KG in Bludenz. Wir bieten eine Vielzahl von Dienstleistungen an.","Spieglplatz","13","6800","09:00 - 18:00","09:00 - 18:00","09:00 - 18:00","09:00 - 18:00","09:00 - 18:00","09:00 - 18:00","09:00 - 18:00","+43 124 5678901","www.example.com","https://www.instagram.com","https://www.facebook.com",,,,"[]"
311,"2024-04-25T16:55:04.858Z","Koppensteiner, Kessler and Friedrich OHG","Wolfurt","3447c278-ac1d-4fec-a651-1fe81e152902","[""hotel""]",,"Besuchen Sie unser Hotel Koppensteiner, Kessler and Friedrich OHG in Bludenz. Wir bieten eine Vielzahl von Dienstleistungen an.","Konstantin-Reinthaler-Platz","29","6800","09:00 - 18:00","09:00 - 18:00","09:00 - 18:00","09:00 - 18:00","09:00 - 18:00","09:00 - 18:00","09:00 - 18:00","+43 124 5678901","www.example.com","https://www.instagram.com","https://www.facebook.com",,,,"[]"
312,"2024-04-25T16:55:04.974Z","Trinkl, Gattringer and Lederer GmbH","Lauterach","99408b7c-8c73-4d36-af54-84696832ebdd","[""organisation""]",,"Besuchen Sie unser Organisation Trinkl, Gattringer and Lederer GmbH in Bregenz. Wir bieten eine Vielzahl von Dienstleistungen an.","Grabnergasse","16","6811","09:00 - 18:00","09:00 - 18:00","09:00 - 18:00","09:00 - 18:00","09:00 - 18:00","09:00 - 18:00","09:00 - 18:00","+43 124 5678901","www.example.com","https://www.instagram.com","https://www.facebook.com",,,,"[]"
313,"2024-04-25T16:55:05.016Z","Klaus-Böhler KG","Dornbirn","823ce116-13ad-45ed-882a-f517ea1f88b7","[""company""]",,"Besuchen Sie unser Company Klaus-Böhler KG in Hard. Wir bieten eine Vielzahl von Dienstleistungen an.","Kristian-Rauch-Platz","9","6850","09:00 - 18:00","09:00 - 18:00","09:00 - 18:00","09:00 - 18:00","09:00 - 18:00","09:00 - 18:00","09:00 - 18:00","+43 124 5678901","www.example.com","https://www.instagram.com","https://www.facebook.com",,,,"[]"
314,"2024-04-25T16:55:05.052Z","Stockhammer, Hinteregger and Wallner GmbH","Wolfurt","7d44b764-b629-4569-92a6-3a6fdd342fb0","[""accommodation""]",,"Besuchen Sie unser Accommodation Stockhammer, Hinteregger and Wallner GmbH in Lauterach. Wir bieten eine Vielzahl von Dienstleistungen an.","Hanna-Tanzer-Gasse","24","6830","09:00 - 18:00","09:00 - 18:00","09:00 - 18:00","09:00 - 18:00","09:00 - 18:00","09:00 - 18:00","09:00 - 18:00","+43 124 5678901","www.example.com","https://www.instagram.com","https://www.facebook.com",,,,"[]"
315,"2024-04-25T16:55:05.088Z","Reiter-Mitteregger KG","Dornbirn","99408b7c-8c73-4d36-af54-84696832ebdd","[""organisation""]",,"Besuchen Sie unser Organisation Reiter-Mitteregger KG in Feldkirch. Wir bieten eine Vielzahl von Dienstleistungen an.","Erina-Klinger-Weg","24","6845","09:00 - 18:00","09:00 - 18:00","09:00 - 18:00","09:00 - 18:00","09:00 - 18:00","09:00 - 18:00","09:00 - 18:00","+43 124 5678901","www.example.com","https://www.instagram.com","https://www.facebook.com",,,,"[]"
316,"2024-04-25T16:55:05.124Z","Pieber, Hochleitner and Berner KG","Hohenems","3447c278-ac1d-4fec-a651-1fe81e152902","[""hotel""]",,"Besuchen Sie unser Hotel Pieber, Hochleitner and Berner KG in Rankweil. Wir bieten eine Vielzahl von Dienstleistungen an.","Wielandstr.","16","6850","09:00 - 18:00","09:00 - 18:00","09:00 - 18:00","09:00 - 18:00","09:00 - 18:00","09:00 - 18:00","09:00 - 18:00","+43 124 5678901","www.example.com","https://www.instagram.com","https://www.facebook.com",,,,"[]"
317,"2024-04-25T16:55:05.150Z","Leonas Bistro GmbH","Dornbirn","43080757-f674-4a01-8311-56f348fe4733","[""restaurant""]",,"Erleben Sie einzigartige Geschmackserlebnisse in unserem Restaurant Leonas Bistro GmbH, gelegen in Bregenz. Unser Angebot reicht von klassischen Gerichten bis hin zu modernen Kreationen. Ein Besuch bei uns verspricht nicht nur kulinarische Genüsse, sondern auch eine angenehme Atmosphäre.","Dornweg","22","6900","09:00 - 18:00","09:00 - 18:00","09:00 - 18:00","09:00 - 18:00","09:00 - 18:00","09:00 - 18:00","09:00 - 18:00","+43 124 5678901","www.example.com","https://www.instagram.com","https://www.facebook.com","91b06595-88dc-4598-b028-ae5b36ebdfcc","c7ac8261-222c-41bc-9fe0-9346e3265602","[""€€""]","[]"
318,"2024-04-25T16:55:05.172Z","Schwendinger Ltd KG","Wolfurt","66ffaf7f-5253-4a6e-8358-74f503c4b822","[""doctor""]",,"Besuchen Sie unser Doctor Schwendinger Ltd KG in Lauterach. Wir bieten eine Vielzahl von Dienstleistungen an.","Webergasse","34","6845","09:00 - 18:00","09:00 - 18:00","09:00 - 18:00","09:00 - 18:00","09:00 - 18:00","09:00 - 18:00","09:00 - 18:00","+43 124 5678901","www.example.com","https://www.instagram.com","https://www.facebook.com",,,,"[]"
319,"2024-04-25T16:55:05.188Z","Hörmann, Pühringer and Jahn KG","Feldkirch","e7947e92-c216-49da-9c32-c2c62eec85e4","[""association""]",,"Besuchen Sie unser Association Hörmann, Pühringer and Jahn KG in Bregenz. Wir bieten eine Vielzahl von Dienstleistungen an.","Leonie-Klocker-Gasse","21","6850","09:00 - 18:00","09:00 - 18:00","09:00 - 18:00","09:00 - 18:00","09:00 - 18:00","09:00 - 18:00","09:00 - 18:00","+43 124 5678901","www.example.com","https://www.instagram.com","https://www.facebook.com",,,,"[]"
320,"2024-04-25T16:55:05.203Z","Veit Group OHG","Lustenau","99408b7c-8c73-4d36-af54-84696832ebdd","[""organisation""]",,"Besuchen Sie unser Organisation Veit Group OHG in Dornbirn. Wir bieten eine Vielzahl von Dienstleistungen an.","Armin-Prohaska-Gasse","30","6900","09:00 - 18:00","09:00 - 18:00","09:00 - 18:00","09:00 - 18:00","09:00 - 18:00","09:00 - 18:00","09:00 - 18:00","+43 124 5678901","www.example.com","https://www.instagram.com","https://www.facebook.com",,,,"[]"
321,"2024-04-25T16:55:05.220Z","Kocher-Klement KG","Lustenau","d83b4637-2ccc-49f2-b23a-3a234dfe0a17","[""bar""]",,"Besuchen Sie unser Bar Kocher-Klement KG in Feldkirch. Wir bieten eine Vielzahl von Dienstleistungen an.","Mittererstr.","14","6811","09:00 - 18:00","09:00 - 18:00","09:00 - 18:00","09:00 - 18:00","09:00 - 18:00","09:00 - 18:00","09:00 - 18:00","+43 124 5678901","www.example.com","https://www.instagram.com","https://www.facebook.com",,,,"[]"
322,"2024-04-25T16:55:05.235Z","König, Herbst and Haller GmbH","Feldkirch","d19d35f1-072b-46be-b784-9dd96ec73ede","[""nightclub""]",,"Besuchen Sie unser Nightclub König, Herbst and Haller GmbH in Feldkirch. Wir bieten eine Vielzahl von Dienstleistungen an.","Pucherstraße","36","6850","09:00 - 18:00","09:00 - 18:00","09:00 - 18:00","09:00 - 18:00","09:00 - 18:00","09:00 - 18:00","09:00 - 18:00","+43 124 5678901","www.example.com","https://www.instagram.com","https://www.facebook.com",,,,"[]"
323,"2024-04-25T16:55:05.246Z","Herrmann, Kramer and Strauss OHG","Bludenz","e7947e92-c216-49da-9c32-c2c62eec85e4","[""association""]",,"Besuchen Sie unser Association Herrmann, Kramer and Strauss OHG in Wolfurt. Wir bieten eine Vielzahl von Dienstleistungen an.","Finkplatz","27","6900","09:00 - 18:00","09:00 - 18:00","09:00 - 18:00","09:00 - 18:00","09:00 - 18:00","09:00 - 18:00","09:00 - 18:00","+43 124 5678901","www.example.com","https://www.instagram.com","https://www.facebook.com",,,,"[]"
324,"2024-04-25T16:55:05.257Z","Isas Taverne KG","Lustenau","36788a1f-4be2-4f68-a811-e78738782d68","[""restaurant""]",,"Erleben Sie einzigartige Geschmackserlebnisse in unserem Restaurant Isas Taverne KG, gelegen in Hard. Unser Angebot reicht von klassischen Gerichten bis hin zu modernen Kreationen. Ein Besuch bei uns verspricht nicht nur kulinarische Genüsse, sondern auch eine angenehme Atmosphäre.","Schwaigergasse","13","6820","09:00 - 18:00","09:00 - 18:00","09:00 - 18:00","09:00 - 18:00","09:00 - 18:00","09:00 - 18:00","09:00 - 18:00","+43 124 5678901","www.example.com","https://www.instagram.com","https://www.facebook.com",,,,"[]"
325,"2024-04-25T16:55:05.269Z","Kaufmann Group KG","Lustenau","e7947e92-c216-49da-9c32-c2c62eec85e4","[""association""]",,"Besuchen Sie unser Association Kaufmann Group KG in Bludenz. Wir bieten eine Vielzahl von Dienstleistungen an.","Stelzlplatz","30","6820","09:00 - 18:00","09:00 - 18:00","09:00 - 18:00","09:00 - 18:00","09:00 - 18:00","09:00 - 18:00","09:00 - 18:00","+43 124 5678901","www.example.com","https://www.instagram.com","https://www.facebook.com",,,,"[]"
326,"2024-04-25T16:55:05.285Z","Berchtold-Berner KG","Lauterach","e7947e92-c216-49da-9c32-c2c62eec85e4","[""association""]",,"Besuchen Sie unser Association Berchtold-Berner KG in Bludenz. Wir bieten eine Vielzahl von Dienstleistungen an.","Florian-Sonnleitner-Gasse","4","6850","09:00 - 18:00","09:00 - 18:00","09:00 - 18:00","09:00 - 18:00","09:00 - 18:00","09:00 - 18:00","09:00 - 18:00","+43 124 5678901","www.example.com","https://www.instagram.com","https://www.facebook.com",,,,"[]"
327,"2024-04-25T16:55:05.301Z","Schweitzer-Schwaiger KG","Bludenz","66ffaf7f-5253-4a6e-8358-74f503c4b822","[""doctor""]",,"Besuchen Sie unser Doctor Schweitzer-Schwaiger KG in Lustenau. Wir bieten eine Vielzahl von Dienstleistungen an.","Bruggerstr.","21","6845","09:00 - 18:00","09:00 - 18:00","09:00 - 18:00","09:00 - 18:00","09:00 - 18:00","09:00 - 18:00","09:00 - 18:00","+43 124 5678901","www.example.com","https://www.instagram.com","https://www.facebook.com",,,,"[]"
328,"2024-04-25T16:55:05.313Z","Lettner PLC GmbH","Wolfurt","7d44b764-b629-4569-92a6-3a6fdd342fb0","[""accommodation""]",,"Besuchen Sie unser Accommodation Lettner PLC GmbH in Lustenau. Wir bieten eine Vielzahl von Dienstleistungen an.","Marina-Ostermann-Ring","15","6811","09:00 - 18:00","09:00 - 18:00","09:00 - 18:00","09:00 - 18:00","09:00 - 18:00","09:00 - 18:00","09:00 - 18:00","+43 124 5678901","www.example.com","https://www.instagram.com","https://www.facebook.com",,,,"[]"
329,"2024-04-25T16:55:05.325Z","Mandl LLC GmbH","Lustenau","99408b7c-8c73-4d36-af54-84696832ebdd","[""organisation""]",,"Besuchen Sie unser Organisation Mandl LLC GmbH in Rankweil. Wir bieten eine Vielzahl von Dienstleistungen an.","Hattingerring","34","6900","09:00 - 18:00","09:00 - 18:00","09:00 - 18:00","09:00 - 18:00","09:00 - 18:00","09:00 - 18:00","09:00 - 18:00","+43 124 5678901","www.example.com","https://www.instagram.com","https://www.facebook.com",,,,"[]"
330,"2024-04-25T16:55:05.341Z","Zeiler-Burger GmbH","Rankweil","e7947e92-c216-49da-9c32-c2c62eec85e4","[""association""]",,"Besuchen Sie unser Association Zeiler-Burger GmbH in Lauterach. Wir bieten eine Vielzahl von Dienstleistungen an.","Antonio-Lehner-Straße","8","6900","09:00 - 18:00","09:00 - 18:00","09:00 - 18:00","09:00 - 18:00","09:00 - 18:00","09:00 - 18:00","09:00 - 18:00","+43 124 5678901","www.example.com","https://www.instagram.com","https://www.facebook.com",,,,"[]"
331,"2024-04-25T16:55:05.358Z","Pachler LLC KG","Rankweil","823ce116-13ad-45ed-882a-f517ea1f88b7","[""company""]",,"Besuchen Sie unser Company Pachler LLC KG in Lustenau. Wir bieten eine Vielzahl von Dienstleistungen an.","Uhlplatz","12","6811","09:00 - 18:00","09:00 - 18:00","09:00 - 18:00","09:00 - 18:00","09:00 - 18:00","09:00 - 18:00","09:00 - 18:00","+43 124 5678901","www.example.com","https://www.instagram.com","https://www.facebook.com",,,,"[]"
332,"2024-04-25T16:55:05.374Z","Reichmann Ltd GmbH","Bludenz","66ffaf7f-5253-4a6e-8358-74f503c4b822","[""doctor""]",,"Besuchen Sie unser Doctor Reichmann Ltd GmbH in Rankweil. Wir bieten eine Vielzahl von Dienstleistungen an.","Franzstraße","9","6800","09:00 - 18:00","09:00 - 18:00","09:00 - 18:00","09:00 - 18:00","09:00 - 18:00","09:00 - 18:00","09:00 - 18:00","+43 124 5678901","www.example.com","https://www.instagram.com","https://www.facebook.com",,,,"[]"
333,"2024-04-25T16:55:05.385Z","Reisner Ltd GmbH","Lauterach","e7947e92-c216-49da-9c32-c2c62eec85e4","[""association""]",,"Besuchen Sie unser Association Reisner Ltd GmbH in Hard. Wir bieten eine Vielzahl von Dienstleistungen an.","Krenngasse","36","6820","09:00 - 18:00","09:00 - 18:00","09:00 - 18:00","09:00 - 18:00","09:00 - 18:00","09:00 - 18:00","09:00 - 18:00","+43 124 5678901","www.example.com","https://www.instagram.com","https://www.facebook.com",,,,"[]"
334,"2024-04-25T16:55:05.395Z","Wachter Inc OHG","Wolfurt","a0c46d3e-3170-4ba0-b9f3-fa63e4a892be","[""bar""]",,"Besuchen Sie unser Bar Wachter Inc OHG in Rankweil. Wir bieten eine Vielzahl von Dienstleistungen an.","Reinthalerstraße","2","6830","09:00 - 18:00","09:00 - 18:00","09:00 - 18:00","09:00 - 18:00","09:00 - 18:00","09:00 - 18:00","09:00 - 18:00","+43 124 5678901","www.example.com","https://www.instagram.com","https://www.facebook.com",,,,"[]"
335,"2024-04-25T16:55:05.409Z","Seifert, Mairhofer and Strohmeier KG","Feldkirch","823ce116-13ad-45ed-882a-f517ea1f88b7","[""company""]",,"Besuchen Sie unser Company Seifert, Mairhofer and Strohmeier KG in Feldkirch. Wir bieten eine Vielzahl von Dienstleistungen an.","Mühlbergergasse","10","6900","09:00 - 18:00","09:00 - 18:00","09:00 - 18:00","09:00 - 18:00","09:00 - 18:00","09:00 - 18:00","09:00 - 18:00","+43 124 5678901","www.example.com","https://www.instagram.com","https://www.facebook.com",,,,"[]"
336,"2024-04-25T16:55:05.425Z","Macher-Schrempf OHG","Hohenems","3447c278-ac1d-4fec-a651-1fe81e152902","[""hotel""]",,"Besuchen Sie unser Hotel Macher-Schrempf OHG in Bregenz. Wir bieten eine Vielzahl von Dienstleistungen an.","Rayana-Fasching-Platz","3","6830","09:00 - 18:00","09:00 - 18:00","09:00 - 18:00","09:00 - 18:00","09:00 - 18:00","09:00 - 18:00","09:00 - 18:00","+43 124 5678901","www.example.com","https://www.instagram.com","https://www.facebook.com",,,,"[]"
337,"2024-04-25T16:55:05.441Z","Gutmann Group KG","Rankweil","66ffaf7f-5253-4a6e-8358-74f503c4b822","[""doctor""]",,"Besuchen Sie unser Doctor Gutmann Group KG in Bludenz. Wir bieten eine Vielzahl von Dienstleistungen an.","Thalhammerstr.","39","6820","09:00 - 18:00","09:00 - 18:00","09:00 - 18:00","09:00 - 18:00","09:00 - 18:00","09:00 - 18:00","09:00 - 18:00","+43 124 5678901","www.example.com","https://www.instagram.com","https://www.facebook.com",,,,"[]"
338,"2024-04-25T16:55:05.457Z","Schrenk-Kaltenegger KG","Wolfurt","7d44b764-b629-4569-92a6-3a6fdd342fb0","[""accommodation""]",,"Besuchen Sie unser Accommodation Schrenk-Kaltenegger KG in Bludenz. Wir bieten eine Vielzahl von Dienstleistungen an.","Windischplatz","2","6830","09:00 - 18:00","09:00 - 18:00","09:00 - 18:00","09:00 - 18:00","09:00 - 18:00","09:00 - 18:00","09:00 - 18:00","+43 124 5678901","www.example.com","https://www.instagram.com","https://www.facebook.com",,,,"[]"
339,"2024-04-25T16:55:05.471Z","Steindl-Renner GmbH","Lustenau","d19d35f1-072b-46be-b784-9dd96ec73ede","[""nightclub""]",,"Besuchen Sie unser Nightclub Steindl-Renner GmbH in Feldkirch. Wir bieten eine Vielzahl von Dienstleistungen an.","Ottweg","26","6845","09:00 - 18:00","09:00 - 18:00","09:00 - 18:00","09:00 - 18:00","09:00 - 18:00","09:00 - 18:00","09:00 - 18:00","+43 124 5678901","www.example.com","https://www.instagram.com","https://www.facebook.com",,,,"[]"
340,"2024-04-25T16:55:05.485Z","Gollner-Steiger GmbH","Feldkirch","e7947e92-c216-49da-9c32-c2c62eec85e4","[""association""]",,"Besuchen Sie unser Association Gollner-Steiger GmbH in Rankweil. Wir bieten eine Vielzahl von Dienstleistungen an.","Justus-Bichler-Platz","10","6830","09:00 - 18:00","09:00 - 18:00","09:00 - 18:00","09:00 - 18:00","09:00 - 18:00","09:00 - 18:00","09:00 - 18:00","+43 124 5678901","www.example.com","https://www.instagram.com","https://www.facebook.com",,,,"[]"
341,"2024-04-25T16:55:05.493Z","Prem-Zangerl OHG","Bregenz","7d44b764-b629-4569-92a6-3a6fdd342fb0","[""accommodation""]",,"Besuchen Sie unser Accommodation Prem-Zangerl OHG in Wolfurt. Wir bieten eine Vielzahl von Dienstleistungen an.","Bacherweg","36","6820","09:00 - 18:00","09:00 - 18:00","09:00 - 18:00","09:00 - 18:00","09:00 - 18:00","09:00 - 18:00","09:00 - 18:00","+43 124 5678901","www.example.com","https://www.instagram.com","https://www.facebook.com",,,,"[]"
342,"2024-04-25T16:55:05.504Z","Sieber Inc GmbH","Wolfurt","e7947e92-c216-49da-9c32-c2c62eec85e4","[""association""]",,"Besuchen Sie unser Association Sieber Inc GmbH in Lustenau. Wir bieten eine Vielzahl von Dienstleistungen an.","Arda-Schön-Gasse","30","6800","09:00 - 18:00","09:00 - 18:00","09:00 - 18:00","09:00 - 18:00","09:00 - 18:00","09:00 - 18:00","09:00 - 18:00","+43 124 5678901","www.example.com","https://www.instagram.com","https://www.facebook.com",,,,"[]"
343,"2024-04-25T16:55:05.517Z","Payer, Kiss and Burgstaller KG","Bludenz","e7947e92-c216-49da-9c32-c2c62eec85e4","[""association""]",,"Besuchen Sie unser Association Payer, Kiss and Burgstaller KG in Feldkirch. Wir bieten eine Vielzahl von Dienstleistungen an.","Victoria-Schinagl-Ring","30","6820","09:00 - 18:00","09:00 - 18:00","09:00 - 18:00","09:00 - 18:00","09:00 - 18:00","09:00 - 18:00","09:00 - 18:00","+43 124 5678901","www.example.com","https://www.instagram.com","https://www.facebook.com",,,,"[]"
344,"2024-04-25T16:55:05.526Z","Robins Taverne KG","Hard","91b06595-88dc-4598-b028-ae5b36ebdfcc","[""restaurant""]",,"Erleben Sie einzigartige Geschmackserlebnisse in unserem Restaurant Robins Taverne KG, gelegen in Rankweil. Unser Angebot reicht von klassischen Gerichten bis hin zu modernen Kreationen. Ein Besuch bei uns verspricht nicht nur kulinarische Genüsse, sondern auch eine angenehme Atmosphäre.","Kunzring","2","6900","09:00 - 18:00","09:00 - 18:00","09:00 - 18:00","09:00 - 18:00","09:00 - 18:00","09:00 - 18:00","09:00 - 18:00","+43 124 5678901","www.example.com","https://www.instagram.com","https://www.facebook.com",,,,"[]"
345,"2024-04-25T16:55:05.538Z","Mathildas Bistro KG","Hohenems","3fcf2a35-ed44-48ca-a2a5-06dd0133a4f0","[""restaurant""]",,"Erleben Sie einzigartige Geschmackserlebnisse in unserem Restaurant Mathildas Bistro KG, gelegen in Dornbirn. Unser Angebot reicht von klassischen Gerichten bis hin zu modernen Kreationen. Ein Besuch bei uns verspricht nicht nur kulinarische Genüsse, sondern auch eine angenehme Atmosphäre.","Elena-Haider-Ring","11","6845","09:00 - 18:00","09:00 - 18:00","09:00 - 18:00","09:00 - 18:00","09:00 - 18:00","09:00 - 18:00","09:00 - 18:00","+43 124 5678901","www.example.com","https://www.instagram.com","https://www.facebook.com",,,,"[]"
346,"2024-04-25T16:55:05.545Z","Grill-Haid GmbH","Bregenz","e7947e92-c216-49da-9c32-c2c62eec85e4","[""association""]",,"Besuchen Sie unser Association Grill-Haid GmbH in Bregenz. Wir bieten eine Vielzahl von Dienstleistungen an.","Yasmina-Decker-Gasse","17","6845","09:00 - 18:00","09:00 - 18:00","09:00 - 18:00","09:00 - 18:00","09:00 - 18:00","09:00 - 18:00","09:00 - 18:00","+43 124 5678901","www.example.com","https://www.instagram.com","https://www.facebook.com",,,,"[]"
347,"2024-04-25T16:55:05.555Z","Jahn, Frey and Schöffmann KG","Wolfurt","99408b7c-8c73-4d36-af54-84696832ebdd","[""organisation""]",,"Besuchen Sie unser Organisation Jahn, Frey and Schöffmann KG in Bregenz. Wir bieten eine Vielzahl von Dienstleistungen an.","Kreidlweg","8","6811","09:00 - 18:00","09:00 - 18:00","09:00 - 18:00","09:00 - 18:00","09:00 - 18:00","09:00 - 18:00","09:00 - 18:00","+43 124 5678901","www.example.com","https://www.instagram.com","https://www.facebook.com",,,,"[]"
348,"2024-04-25T16:55:05.568Z","Kriegl, Karrer and Trauner KG","Hohenems","e7947e92-c216-49da-9c32-c2c62eec85e4","[""association""]",,"Besuchen Sie unser Association Kriegl, Karrer and Trauner KG in Bregenz. Wir bieten eine Vielzahl von Dienstleistungen an.","Juliane-Schmied-Ring","21","6900","09:00 - 18:00","09:00 - 18:00","09:00 - 18:00","09:00 - 18:00","09:00 - 18:00","09:00 - 18:00","09:00 - 18:00","+43 124 5678901","www.example.com","https://www.instagram.com","https://www.facebook.com",,,,"[]"
349,"2024-04-25T16:55:05.575Z","Strobl, Markl and Meister GmbH","Wolfurt","99408b7c-8c73-4d36-af54-84696832ebdd","[""organisation""]",,"Besuchen Sie unser Organisation Strobl, Markl and Meister GmbH in Lustenau. Wir bieten eine Vielzahl von Dienstleistungen an.","Fröhlichweg","8","6811","09:00 - 18:00","09:00 - 18:00","09:00 - 18:00","09:00 - 18:00","09:00 - 18:00","09:00 - 18:00","09:00 - 18:00","+43 124 5678901","www.example.com","https://www.instagram.com","https://www.facebook.com",,,,"[]"
350,"2024-04-25T16:55:05.584Z","Kastner-Stelzl GmbH","Hohenems","e7947e92-c216-49da-9c32-c2c62eec85e4","[""association""]",,"Besuchen Sie unser Association Kastner-Stelzl GmbH in Bregenz. Wir bieten eine Vielzahl von Dienstleistungen an.","Therese-Schneider-Ring","14","6830","09:00 - 18:00","09:00 - 18:00","09:00 - 18:00","09:00 - 18:00","09:00 - 18:00","09:00 - 18:00","09:00 - 18:00","+43 124 5678901","www.example.com","https://www.instagram.com","https://www.facebook.com",,,,"[]"
351,"2024-04-25T16:55:05.592Z","Müllner Ltd OHG","Dornbirn","7d44b764-b629-4569-92a6-3a6fdd342fb0","[""accommodation""]",,"Besuchen Sie unser Accommodation Müllner Ltd OHG in Wolfurt. Wir bieten eine Vielzahl von Dienstleistungen an.","Eichhorngasse","10","6830","09:00 - 18:00","09:00 - 18:00","09:00 - 18:00","09:00 - 18:00","09:00 - 18:00","09:00 - 18:00","09:00 - 18:00","+43 124 5678901","www.example.com","https://www.instagram.com","https://www.facebook.com",,,,"[]"
352,"2024-04-25T16:55:05.601Z","Marte-Riepl OHG","Feldkirch","7d44b764-b629-4569-92a6-3a6fdd342fb0","[""accommodation""]",,"Besuchen Sie unser Accommodation Marte-Riepl OHG in Bregenz. Wir bieten eine Vielzahl von Dienstleistungen an.","Sena-Fritz-Straße","29","6800","09:00 - 18:00","09:00 - 18:00","09:00 - 18:00","09:00 - 18:00","09:00 - 18:00","09:00 - 18:00","09:00 - 18:00","+43 124 5678901","www.example.com","https://www.instagram.com","https://www.facebook.com",,,,"[]"
353,"2024-04-25T16:55:05.608Z","Fleck Group GmbH","Wolfurt","2f40c483-1b3e-430c-9e7c-26c32cfbcf0b","[""bar""]",,"Besuchen Sie unser Bar Fleck Group GmbH in Wolfurt. Wir bieten eine Vielzahl von Dienstleistungen an.","Bucheggerweg","39","6900","09:00 - 18:00","09:00 - 18:00","09:00 - 18:00","09:00 - 18:00","09:00 - 18:00","09:00 - 18:00","09:00 - 18:00","+43 124 5678901","www.example.com","https://www.instagram.com","https://www.facebook.com",,,,"[]"
354,"2024-04-25T16:55:05.618Z","Thurner-Grüner KG","Bregenz","d19d35f1-072b-46be-b784-9dd96ec73ede","[""nightclub""]",,"Besuchen Sie unser Nightclub Thurner-Grüner KG in Lustenau. Wir bieten eine Vielzahl von Dienstleistungen an.","Matteo-Kummer-Platz","33","6845","09:00 - 18:00","09:00 - 18:00","09:00 - 18:00","09:00 - 18:00","09:00 - 18:00","09:00 - 18:00","09:00 - 18:00","+43 124 5678901","www.example.com","https://www.instagram.com","https://www.facebook.com",,,,"[]"
355,"2024-04-25T16:55:05.625Z","Zöchling-Schatz GmbH","Bregenz","66ffaf7f-5253-4a6e-8358-74f503c4b822","[""doctor""]",,"Besuchen Sie unser Doctor Zöchling-Schatz GmbH in Lustenau. Wir bieten eine Vielzahl von Dienstleistungen an.","Fleischhackergasse","1","6900","09:00 - 18:00","09:00 - 18:00","09:00 - 18:00","09:00 - 18:00","09:00 - 18:00","09:00 - 18:00","09:00 - 18:00","+43 124 5678901","www.example.com","https://www.instagram.com","https://www.facebook.com",,,,"[]"
356,"2024-04-25T16:55:05.635Z","Pilz PLC KG","Lauterach","5887cddf-366f-4824-99ea-54945fc7189d","[""bar""]",,"Besuchen Sie unser Bar Pilz PLC KG in Lustenau. Wir bieten eine Vielzahl von Dienstleistungen an.","Robert-Wurzinger-Weg","31","6850","09:00 - 18:00","09:00 - 18:00","09:00 - 18:00","09:00 - 18:00","09:00 - 18:00","09:00 - 18:00","09:00 - 18:00","+43 124 5678901","www.example.com","https://www.instagram.com","https://www.facebook.com",,,,"[]"
357,"2024-04-25T16:55:05.642Z","Wohlmuth-Guggenberger OHG","Hohenems","823ce116-13ad-45ed-882a-f517ea1f88b7","[""company""]",,"Besuchen Sie unser Company Wohlmuth-Guggenberger OHG in Bregenz. Wir bieten eine Vielzahl von Dienstleistungen an.","Gassnerweg","27","6900","09:00 - 18:00","09:00 - 18:00","09:00 - 18:00","09:00 - 18:00","09:00 - 18:00","09:00 - 18:00","09:00 - 18:00","+43 124 5678901","www.example.com","https://www.instagram.com","https://www.facebook.com",,,,"[]"
358,"2024-04-25T16:55:05.652Z","Neubauer, Herrmann and Schweighofer GmbH","Lauterach","3447c278-ac1d-4fec-a651-1fe81e152902","[""hotel""]",,"Besuchen Sie unser Hotel Neubauer, Herrmann and Schweighofer GmbH in Bregenz. Wir bieten eine Vielzahl von Dienstleistungen an.","Mira-Vogl-Ring","11","6811","09:00 - 18:00","09:00 - 18:00","09:00 - 18:00","09:00 - 18:00","09:00 - 18:00","09:00 - 18:00","09:00 - 18:00","+43 124 5678901","www.example.com","https://www.instagram.com","https://www.facebook.com",,,,"[]"
359,"2024-04-25T16:55:05.659Z","Marios Bistro KG","Feldkirch","6391ddcb-eca6-4041-826a-b83045169e67","[""restaurant""]",,"Erleben Sie einzigartige Geschmackserlebnisse in unserem Restaurant Marios Bistro KG, gelegen in Hohenems. Unser Angebot reicht von klassischen Gerichten bis hin zu modernen Kreationen. Ein Besuch bei uns verspricht nicht nur kulinarische Genüsse, sondern auch eine angenehme Atmosphäre.","Wandlstr.","34","6900","09:00 - 18:00","09:00 - 18:00","09:00 - 18:00","09:00 - 18:00","09:00 - 18:00","09:00 - 18:00","09:00 - 18:00","+43 124 5678901","www.example.com","https://www.instagram.com","https://www.facebook.com",,,,"[]"
360,"2024-04-25T16:55:05.669Z","Nemeth, Maringer and Mair OHG","Hohenems","66ffaf7f-5253-4a6e-8358-74f503c4b822","[""doctor""]",,"Besuchen Sie unser Doctor Nemeth, Maringer and Mair OHG in Lustenau. Wir bieten eine Vielzahl von Dienstleistungen an.","Zoey-Weigl-Straße","17","6845","09:00 - 18:00","09:00 - 18:00","09:00 - 18:00","09:00 - 18:00","09:00 - 18:00","09:00 - 18:00","09:00 - 18:00","+43 124 5678901","www.example.com","https://www.instagram.com","https://www.facebook.com",,,,"[]"
361,"2024-04-25T16:55:05.678Z","Brandner-Radl KG","Bludenz","823ce116-13ad-45ed-882a-f517ea1f88b7","[""company""]",,"Besuchen Sie unser Company Brandner-Radl KG in Hohenems. Wir bieten eine Vielzahl von Dienstleistungen an.","Patricia-Leber-Platz","31","6820","09:00 - 18:00","09:00 - 18:00","09:00 - 18:00","09:00 - 18:00","09:00 - 18:00","09:00 - 18:00","09:00 - 18:00","+43 124 5678901","www.example.com","https://www.instagram.com","https://www.facebook.com",,,,"[]"
362,"2024-04-25T16:55:05.687Z","Fionas Café OHG","Bludenz","43080757-f674-4a01-8311-56f348fe4733","[""restaurant""]",,"Erleben Sie einzigartige Geschmackserlebnisse in unserem Restaurant Fionas Café OHG, gelegen in Wolfurt. Unser Angebot reicht von klassischen Gerichten bis hin zu modernen Kreationen. Ein Besuch bei uns verspricht nicht nur kulinarische Genüsse, sondern auch eine angenehme Atmosphäre.","Mayerhoferstraße","2","6900","09:00 - 18:00","09:00 - 18:00","09:00 - 18:00","09:00 - 18:00","09:00 - 18:00","09:00 - 18:00","09:00 - 18:00","+43 124 5678901","www.example.com","https://www.instagram.com","https://www.facebook.com",,,,"[]"
363,"2024-04-25T16:55:05.695Z","Kössler, Hödl and Haller GmbH","Bludenz","823ce116-13ad-45ed-882a-f517ea1f88b7","[""company""]",,"Besuchen Sie unser Company Kössler, Hödl and Haller GmbH in Feldkirch. Wir bieten eine Vielzahl von Dienstleistungen an.","Carlo-Feigl-Platz","24","6845","09:00 - 18:00","09:00 - 18:00","09:00 - 18:00","09:00 - 18:00","09:00 - 18:00","09:00 - 18:00","09:00 - 18:00","+43 124 5678901","www.example.com","https://www.instagram.com","https://www.facebook.com",,,,"[]"
364,"2024-04-25T16:55:05.704Z","Gasser-Sailer OHG","Bludenz","66ffaf7f-5253-4a6e-8358-74f503c4b822","[""doctor""]",,"Besuchen Sie unser Doctor Gasser-Sailer OHG in Hohenems. Wir bieten eine Vielzahl von Dienstleistungen an.","Cecilia-Dietl-Straße","31","6800","09:00 - 18:00","09:00 - 18:00","09:00 - 18:00","09:00 - 18:00","09:00 - 18:00","09:00 - 18:00","09:00 - 18:00","+43 124 5678901","www.example.com","https://www.instagram.com","https://www.facebook.com",,,,"[]"
365,"2024-04-25T16:55:05.714Z","Kopf Group GmbH","Lauterach","99408b7c-8c73-4d36-af54-84696832ebdd","[""organisation""]",,"Besuchen Sie unser Organisation Kopf Group GmbH in Hard. Wir bieten eine Vielzahl von Dienstleistungen an.","Farkasring","32","6850","09:00 - 18:00","09:00 - 18:00","09:00 - 18:00","09:00 - 18:00","09:00 - 18:00","09:00 - 18:00","09:00 - 18:00","+43 124 5678901","www.example.com","https://www.instagram.com","https://www.facebook.com",,,,"[]"
366,"2024-04-25T16:55:05.722Z","Baier, Moosbrugger and Aichinger OHG","Feldkirch","66ffaf7f-5253-4a6e-8358-74f503c4b822","[""doctor""]",,"Besuchen Sie unser Doctor Baier, Moosbrugger and Aichinger OHG in Rankweil. Wir bieten eine Vielzahl von Dienstleistungen an.","Baumannring","4","6800","09:00 - 18:00","09:00 - 18:00","09:00 - 18:00","09:00 - 18:00","09:00 - 18:00","09:00 - 18:00","09:00 - 18:00","+43 124 5678901","www.example.com","https://www.instagram.com","https://www.facebook.com",,,,"[]"
367,"2024-04-25T16:55:05.735Z","Selenas Taverne OHG","Bludenz","36788a1f-4be2-4f68-a811-e78738782d68","[""restaurant""]",,"Erleben Sie einzigartige Geschmackserlebnisse in unserem Restaurant Selenas Taverne OHG, gelegen in Lustenau. Unser Angebot reicht von klassischen Gerichten bis hin zu modernen Kreationen. Ein Besuch bei uns verspricht nicht nur kulinarische Genüsse, sondern auch eine angenehme Atmosphäre.","Alexandar-Schuh-Gasse","22","6845","09:00 - 18:00","09:00 - 18:00","09:00 - 18:00","09:00 - 18:00","09:00 - 18:00","09:00 - 18:00","09:00 - 18:00","+43 124 5678901","www.example.com","https://www.instagram.com","https://www.facebook.com",,,,"[]"
368,"2024-04-25T16:55:05.742Z","Reif-Lehner OHG","Hard","66ffaf7f-5253-4a6e-8358-74f503c4b822","[""doctor""]",,"Besuchen Sie unser Doctor Reif-Lehner OHG in Hard. Wir bieten eine Vielzahl von Dienstleistungen an.","Larissa-Riedmann-Straße","3","6830","09:00 - 18:00","09:00 - 18:00","09:00 - 18:00","09:00 - 18:00","09:00 - 18:00","09:00 - 18:00","09:00 - 18:00","+43 124 5678901","www.example.com","https://www.instagram.com","https://www.facebook.com",,,,"[]"
369,"2024-04-25T16:55:05.751Z","Keller, Barth and Ernst KG","Bregenz","823ce116-13ad-45ed-882a-f517ea1f88b7","[""company""]",,"Besuchen Sie unser Company Keller, Barth and Ernst KG in Bludenz. Wir bieten eine Vielzahl von Dienstleistungen an.","Liliane-Kargl-Platz","21","6830","09:00 - 18:00","09:00 - 18:00","09:00 - 18:00","09:00 - 18:00","09:00 - 18:00","09:00 - 18:00","09:00 - 18:00","+43 124 5678901","www.example.com","https://www.instagram.com","https://www.facebook.com",,,,"[]"
370,"2024-04-25T16:55:05.758Z","Veit-Böhm GmbH","Lustenau","3447c278-ac1d-4fec-a651-1fe81e152902","[""hotel""]",,"Besuchen Sie unser Hotel Veit-Böhm GmbH in Lustenau. Wir bieten eine Vielzahl von Dienstleistungen an.","Reichergasse","21","6850","09:00 - 18:00","09:00 - 18:00","09:00 - 18:00","09:00 - 18:00","09:00 - 18:00","09:00 - 18:00","09:00 - 18:00","+43 124 5678901","www.example.com","https://www.instagram.com","https://www.facebook.com",,,,"[]"
371,"2024-04-25T16:55:05.771Z","Steindl Ltd KG","Feldkirch","d19d35f1-072b-46be-b784-9dd96ec73ede","[""nightclub""]",,"Besuchen Sie unser Nightclub Steindl Ltd KG in Hohenems. Wir bieten eine Vielzahl von Dienstleistungen an.","Sofia-Kremser-Straße","24","6811","09:00 - 18:00","09:00 - 18:00","09:00 - 18:00","09:00 - 18:00","09:00 - 18:00","09:00 - 18:00","09:00 - 18:00","+43 124 5678901","www.example.com","https://www.instagram.com","https://www.facebook.com",,,,"[]"
372,"2024-04-25T16:55:05.778Z","Nadines Café KG","Rankweil","91b06595-88dc-4598-b028-ae5b36ebdfcc","[""restaurant""]",,"Erleben Sie einzigartige Geschmackserlebnisse in unserem Restaurant Nadines Café KG, gelegen in Dornbirn. Unser Angebot reicht von klassischen Gerichten bis hin zu modernen Kreationen. Ein Besuch bei uns verspricht nicht nur kulinarische Genüsse, sondern auch eine angenehme Atmosphäre.","Buchbergerplatz","22","6845","09:00 - 18:00","09:00 - 18:00","09:00 - 18:00","09:00 - 18:00","09:00 - 18:00","09:00 - 18:00","09:00 - 18:00","+43 124 5678901","www.example.com","https://www.instagram.com","https://www.facebook.com",,,,"[]"
373,"2024-04-25T16:55:05.787Z","Falkner-Nemeth OHG","Hohenems","99408b7c-8c73-4d36-af54-84696832ebdd","[""organisation""]",,"Besuchen Sie unser Organisation Falkner-Nemeth OHG in Rankweil. Wir bieten eine Vielzahl von Dienstleistungen an.","Schützplatz","26","6830","09:00 - 18:00","09:00 - 18:00","09:00 - 18:00","09:00 - 18:00","09:00 - 18:00","09:00 - 18:00","09:00 - 18:00","+43 124 5678901","www.example.com","https://www.instagram.com","https://www.facebook.com",,,,"[]"
374,"2024-04-25T16:55:05.794Z","Hauer, Mayer and Buchberger GmbH","Bludenz","3447c278-ac1d-4fec-a651-1fe81e152902","[""hotel""]",,"Besuchen Sie unser Hotel Hauer, Mayer and Buchberger GmbH in Dornbirn. Wir bieten eine Vielzahl von Dienstleistungen an.","Ringhoferplatz","9","6845","09:00 - 18:00","09:00 - 18:00","09:00 - 18:00","09:00 - 18:00","09:00 - 18:00","09:00 - 18:00","09:00 - 18:00","+43 124 5678901","www.example.com","https://www.instagram.com","https://www.facebook.com",,,,"[]"
375,"2024-04-25T16:55:05.803Z","Stangl PLC KG","Bregenz","e7947e92-c216-49da-9c32-c2c62eec85e4","[""association""]",,"Besuchen Sie unser Association Stangl PLC KG in Bregenz. Wir bieten eine Vielzahl von Dienstleistungen an.","Emmanuel-Fritsch-Straße","26","6850","09:00 - 18:00","09:00 - 18:00","09:00 - 18:00","09:00 - 18:00","09:00 - 18:00","09:00 - 18:00","09:00 - 18:00","+43 124 5678901","www.example.com","https://www.instagram.com","https://www.facebook.com",,,,"[]"
376,"2024-04-25T16:55:05.810Z","Peham-Kössler OHG","Hard","3447c278-ac1d-4fec-a651-1fe81e152902","[""hotel""]",,"Besuchen Sie unser Hotel Peham-Kössler OHG in Wolfurt. Wir bieten eine Vielzahl von Dienstleistungen an.","Langstr.","27","6820","09:00 - 18:00","09:00 - 18:00","09:00 - 18:00","09:00 - 18:00","09:00 - 18:00","09:00 - 18:00","09:00 - 18:00","+43 124 5678901","www.example.com","https://www.instagram.com","https://www.facebook.com",,,,"[]"
377,"2024-04-25T16:55:05.818Z","Neuhauser, Schäfer and Auinger GmbH","Bludenz","7d44b764-b629-4569-92a6-3a6fdd342fb0","[""accommodation""]",,"Besuchen Sie unser Accommodation Neuhauser, Schäfer and Auinger GmbH in Wolfurt. Wir bieten eine Vielzahl von Dienstleistungen an.","Reinergasse","13","6800","09:00 - 18:00","09:00 - 18:00","09:00 - 18:00","09:00 - 18:00","09:00 - 18:00","09:00 - 18:00","09:00 - 18:00","+43 124 5678901","www.example.com","https://www.instagram.com","https://www.facebook.com",,,,"[]"
378,"2024-04-25T16:55:05.825Z","Wurm, Erber and Neumüller GmbH","Lauterach","99408b7c-8c73-4d36-af54-84696832ebdd","[""organisation""]",,"Besuchen Sie unser Organisation Wurm, Erber and Neumüller GmbH in Bregenz. Wir bieten eine Vielzahl von Dienstleistungen an.","Hugo-Zauner-Gasse","23","6800","09:00 - 18:00","09:00 - 18:00","09:00 - 18:00","09:00 - 18:00","09:00 - 18:00","09:00 - 18:00","09:00 - 18:00","+43 124 5678901","www.example.com","https://www.instagram.com","https://www.facebook.com",,,,"[]"
379,"2024-04-25T16:55:05.833Z","Vogl and Sons GmbH","Hohenems","99408b7c-8c73-4d36-af54-84696832ebdd","[""organisation""]",,"Besuchen Sie unser Organisation Vogl and Sons GmbH in Rankweil. Wir bieten eine Vielzahl von Dienstleistungen an.","Hollausstraße","10","6850","09:00 - 18:00","09:00 - 18:00","09:00 - 18:00","09:00 - 18:00","09:00 - 18:00","09:00 - 18:00","09:00 - 18:00","+43 124 5678901","www.example.com","https://www.instagram.com","https://www.facebook.com",,,,"[]"
380,"2024-04-25T16:55:05.848Z","Wirth Group OHG","Lauterach","49629b97-4966-47a5-ac15-f0aff9e99190","[""bar""]",,"Besuchen Sie unser Bar Wirth Group OHG in Bludenz. Wir bieten eine Vielzahl von Dienstleistungen an.","Gabriela-Stecher-Gasse","14","6900","09:00 - 18:00","09:00 - 18:00","09:00 - 18:00","09:00 - 18:00","09:00 - 18:00","09:00 - 18:00","09:00 - 18:00","+43 124 5678901","www.example.com","https://www.instagram.com","https://www.facebook.com",,,,"[]"
381,"2024-04-25T16:55:05.855Z","Brandstätter Ltd GmbH","Hohenems","7d44b764-b629-4569-92a6-3a6fdd342fb0","[""accommodation""]",,"Besuchen Sie unser Accommodation Brandstätter Ltd GmbH in Hohenems. Wir bieten eine Vielzahl von Dienstleistungen an.","Helene-Hofstätter-Gasse","24","6811","09:00 - 18:00","09:00 - 18:00","09:00 - 18:00","09:00 - 18:00","09:00 - 18:00","09:00 - 18:00","09:00 - 18:00","+43 124 5678901","www.example.com","https://www.instagram.com","https://www.facebook.com",,,,"[]"
382,"2024-04-25T16:55:05.863Z","Heinz and Sons GmbH","Wolfurt","7d44b764-b629-4569-92a6-3a6fdd342fb0","[""accommodation""]",,"Besuchen Sie unser Accommodation Heinz and Sons GmbH in Hard. Wir bieten eine Vielzahl von Dienstleistungen an.","Lisa-Lorenz-Platz","33","6820","09:00 - 18:00","09:00 - 18:00","09:00 - 18:00","09:00 - 18:00","09:00 - 18:00","09:00 - 18:00","09:00 - 18:00","+43 124 5678901","www.example.com","https://www.instagram.com","https://www.facebook.com",,,,"[]"
383,"2024-04-25T16:55:05.873Z","Leitgeb, Jandl and Strasser OHG","Lauterach","7d44b764-b629-4569-92a6-3a6fdd342fb0","[""accommodation""]",,"Besuchen Sie unser Accommodation Leitgeb, Jandl and Strasser OHG in Bludenz. Wir bieten eine Vielzahl von Dienstleistungen an.","Fellingerplatz","40","6800","09:00 - 18:00","09:00 - 18:00","09:00 - 18:00","09:00 - 18:00","09:00 - 18:00","09:00 - 18:00","09:00 - 18:00","+43 124 5678901","www.example.com","https://www.instagram.com","https://www.facebook.com",,,,"[]"
384,"2024-04-25T16:55:05.882Z","Lydias Café KG","Bludenz","3fcf2a35-ed44-48ca-a2a5-06dd0133a4f0","[""restaurant""]",,"Erleben Sie einzigartige Geschmackserlebnisse in unserem Restaurant Lydias Café KG, gelegen in Bregenz. Unser Angebot reicht von klassischen Gerichten bis hin zu modernen Kreationen. Ein Besuch bei uns verspricht nicht nur kulinarische Genüsse, sondern auch eine angenehme Atmosphäre.","Mannstr.","13","6811","09:00 - 18:00","09:00 - 18:00","09:00 - 18:00","09:00 - 18:00","09:00 - 18:00","09:00 - 18:00","09:00 - 18:00","+43 124 5678901","www.example.com","https://www.instagram.com","https://www.facebook.com",,,,"[]"
385,"2024-04-25T16:55:05.893Z","Kainz, Kröll and Punz KG","Hard","3447c278-ac1d-4fec-a651-1fe81e152902","[""hotel""]",,"Besuchen Sie unser Hotel Kainz, Kröll and Punz KG in Dornbirn. Wir bieten eine Vielzahl von Dienstleistungen an.","Lucie-Schmidinger-Straße","24","6811","09:00 - 18:00","09:00 - 18:00","09:00 - 18:00","09:00 - 18:00","09:00 - 18:00","09:00 - 18:00","09:00 - 18:00","+43 124 5678901","www.example.com","https://www.instagram.com","https://www.facebook.com",,,,"[]"
386,"2024-04-25T16:55:05.902Z","Helm-Forster OHG","Feldkirch","e7947e92-c216-49da-9c32-c2c62eec85e4","[""association""]",,"Besuchen Sie unser Association Helm-Forster OHG in Lustenau. Wir bieten eine Vielzahl von Dienstleistungen an.","Hospstr.","14","6820","09:00 - 18:00","09:00 - 18:00","09:00 - 18:00","09:00 - 18:00","09:00 - 18:00","09:00 - 18:00","09:00 - 18:00","+43 124 5678901","www.example.com","https://www.instagram.com","https://www.facebook.com",,,,"[]"
387,"2024-04-25T16:55:05.910Z","Fichtinger-Enzinger GmbH","Lauterach","e7947e92-c216-49da-9c32-c2c62eec85e4","[""association""]",,"Besuchen Sie unser Association Fichtinger-Enzinger GmbH in Lauterach. Wir bieten eine Vielzahl von Dienstleistungen an.","Elisabeth-Keplinger-Straße","18","6811","09:00 - 18:00","09:00 - 18:00","09:00 - 18:00","09:00 - 18:00","09:00 - 18:00","09:00 - 18:00","09:00 - 18:00","+43 124 5678901","www.example.com","https://www.instagram.com","https://www.facebook.com",,,,"[]"
388,"2024-04-25T16:55:05.920Z","Klotz-Seiwald KG","Rankweil","3447c278-ac1d-4fec-a651-1fe81e152902","[""hotel""]",,"Besuchen Sie unser Hotel Klotz-Seiwald KG in Rankweil. Wir bieten eine Vielzahl von Dienstleistungen an.","Sigrid-Schäfer-Ring","6","6850","09:00 - 18:00","09:00 - 18:00","09:00 - 18:00","09:00 - 18:00","09:00 - 18:00","09:00 - 18:00","09:00 - 18:00","+43 124 5678901","www.example.com","https://www.instagram.com","https://www.facebook.com",,,,"[]"
389,"2024-04-25T16:55:05.929Z","Horak, Kreuzer and Kössler GmbH","Lustenau","3447c278-ac1d-4fec-a651-1fe81e152902","[""hotel""]",,"Besuchen Sie unser Hotel Horak, Kreuzer and Kössler GmbH in Bludenz. Wir bieten eine Vielzahl von Dienstleistungen an.","Timon-Holzinger-Platz","10","6850","09:00 - 18:00","09:00 - 18:00","09:00 - 18:00","09:00 - 18:00","09:00 - 18:00","09:00 - 18:00","09:00 - 18:00","+43 124 5678901","www.example.com","https://www.instagram.com","https://www.facebook.com",,,,"[]"
390,"2024-04-25T16:55:05.939Z","Zöchling, Hutterer and Gahleitner OHG","Hohenems","66ffaf7f-5253-4a6e-8358-74f503c4b822","[""doctor""]",,"Besuchen Sie unser Doctor Zöchling, Hutterer and Gahleitner OHG in Dornbirn. Wir bieten eine Vielzahl von Dienstleistungen an.","Luana-Redl-Gasse","18","6830","09:00 - 18:00","09:00 - 18:00","09:00 - 18:00","09:00 - 18:00","09:00 - 18:00","09:00 - 18:00","09:00 - 18:00","+43 124 5678901","www.example.com","https://www.instagram.com","https://www.facebook.com",,,,"[]"
391,"2024-04-25T16:55:05.949Z","Stark, Holzinger and Artner OHG","Bludenz","99408b7c-8c73-4d36-af54-84696832ebdd","[""organisation""]",,"Besuchen Sie unser Organisation Stark, Holzinger and Artner OHG in Bregenz. Wir bieten eine Vielzahl von Dienstleistungen an.","Fellingerstr.","24","6811","09:00 - 18:00","09:00 - 18:00","09:00 - 18:00","09:00 - 18:00","09:00 - 18:00","09:00 - 18:00","09:00 - 18:00","+43 124 5678901","www.example.com","https://www.instagram.com","https://www.facebook.com",,,,"[]"
392,"2024-04-25T16:55:05.958Z","Schwarzinger, Markl and Postl KG","Bregenz","99408b7c-8c73-4d36-af54-84696832ebdd","[""organisation""]",,"Besuchen Sie unser Organisation Schwarzinger, Markl and Postl KG in Hohenems. Wir bieten eine Vielzahl von Dienstleistungen an.","Stechergasse","3","6850","09:00 - 18:00","09:00 - 18:00","09:00 - 18:00","09:00 - 18:00","09:00 - 18:00","09:00 - 18:00","09:00 - 18:00","+43 124 5678901","www.example.com","https://www.instagram.com","https://www.facebook.com",,,,"[]"
393,"2024-04-25T16:55:05.967Z","Knapp-Denk KG","Rankweil","3447c278-ac1d-4fec-a651-1fe81e152902","[""hotel""]",,"Besuchen Sie unser Hotel Knapp-Denk KG in Hard. Wir bieten eine Vielzahl von Dienstleistungen an.","Gustav-Reif-Straße","7","6820","09:00 - 18:00","09:00 - 18:00","09:00 - 18:00","09:00 - 18:00","09:00 - 18:00","09:00 - 18:00","09:00 - 18:00","+43 124 5678901","www.example.com","https://www.instagram.com","https://www.facebook.com",,,,"[]"
394,"2024-04-25T16:55:05.975Z","Fellinger PLC GmbH","Rankweil","7d44b764-b629-4569-92a6-3a6fdd342fb0","[""accommodation""]",,"Besuchen Sie unser Accommodation Fellinger PLC GmbH in Bludenz. Wir bieten eine Vielzahl von Dienstleistungen an.","Jankweg","13","6845","09:00 - 18:00","09:00 - 18:00","09:00 - 18:00","09:00 - 18:00","09:00 - 18:00","09:00 - 18:00","09:00 - 18:00","+43 124 5678901","www.example.com","https://www.instagram.com","https://www.facebook.com",,,,"[]"
395,"2024-04-25T16:55:05.984Z","Burger-Tauber OHG","Dornbirn","e7947e92-c216-49da-9c32-c2c62eec85e4","[""association""]",,"Besuchen Sie unser Association Burger-Tauber OHG in Feldkirch. Wir bieten eine Vielzahl von Dienstleistungen an.","Steinwenderstraße","31","6900","09:00 - 18:00","09:00 - 18:00","09:00 - 18:00","09:00 - 18:00","09:00 - 18:00","09:00 - 18:00","09:00 - 18:00","+43 124 5678901","www.example.com","https://www.instagram.com","https://www.facebook.com",,,,"[]"
396,"2024-04-25T16:55:05.992Z","Puntigam-Wimmer GmbH","Feldkirch","66ffaf7f-5253-4a6e-8358-74f503c4b822","[""doctor""]",,"Besuchen Sie unser Doctor Puntigam-Wimmer GmbH in Hard. Wir bieten eine Vielzahl von Dienstleistungen an.","Heinrichgasse","39","6900","09:00 - 18:00","09:00 - 18:00","09:00 - 18:00","09:00 - 18:00","09:00 - 18:00","09:00 - 18:00","09:00 - 18:00","+43 124 5678901","www.example.com","https://www.instagram.com","https://www.facebook.com",,,,"[]"
397,"2024-04-25T16:55:06.001Z","Reinisch-Stöger KG","Dornbirn","823ce116-13ad-45ed-882a-f517ea1f88b7","[""company""]",,"Besuchen Sie unser Company Reinisch-Stöger KG in Wolfurt. Wir bieten eine Vielzahl von Dienstleistungen an.","Danilo-Röck-Ring","2","6820","09:00 - 18:00","09:00 - 18:00","09:00 - 18:00","09:00 - 18:00","09:00 - 18:00","09:00 - 18:00","09:00 - 18:00","+43 124 5678901","www.example.com","https://www.instagram.com","https://www.facebook.com",,,,"[]"
398,"2024-04-25T16:55:06.009Z","Scherzer, Reinisch and Hölzl GmbH","Feldkirch","3447c278-ac1d-4fec-a651-1fe81e152902","[""hotel""]",,"Besuchen Sie unser Hotel Scherzer, Reinisch and Hölzl GmbH in Lauterach. Wir bieten eine Vielzahl von Dienstleistungen an.","Jostring","14","6900","09:00 - 18:00","09:00 - 18:00","09:00 - 18:00","09:00 - 18:00","09:00 - 18:00","09:00 - 18:00","09:00 - 18:00","+43 124 5678901","www.example.com","https://www.instagram.com","https://www.facebook.com",,,,"[]"
399,"2024-04-25T16:55:06.018Z","Kronberger, Wolf and Ott KG","Rankweil","3447c278-ac1d-4fec-a651-1fe81e152902","[""hotel""]",,"Besuchen Sie unser Hotel Kronberger, Wolf and Ott KG in Bludenz. Wir bieten eine Vielzahl von Dienstleistungen an.","Nikola-König-Ring","31","6900","09:00 - 18:00","09:00 - 18:00","09:00 - 18:00","09:00 - 18:00","09:00 - 18:00","09:00 - 18:00","09:00 - 18:00","+43 124 5678901","www.example.com","https://www.instagram.com","https://www.facebook.com",,,,"[]"
400,"2024-04-25T16:55:06.026Z","Löffler-Oberleitner OHG","Rankweil","3447c278-ac1d-4fec-a651-1fe81e152902","[""hotel""]",,"Besuchen Sie unser Hotel Löffler-Oberleitner OHG in Wolfurt. Wir bieten eine Vielzahl von Dienstleistungen an.","Schillerweg","6","6820","09:00 - 18:00","09:00 - 18:00","09:00 - 18:00","09:00 - 18:00","09:00 - 18:00","09:00 - 18:00","09:00 - 18:00","+43 124 5678901","www.example.com","https://www.instagram.com","https://www.facebook.com",,,,"[]"